ordem,estacao,lat,lon
1,Eldorado,-19.9396,-44.0309
2,Cidade Industrial,-19.9437,-44.0116
3,Vila Oeste,-19.9378,-43.9985
4,Gameleira,-19.9301,-43.9840
5,Calafate,-19.9230,-43.9695
6,Carlos Prates,-19.9149,-43.9535
7,Lagoinha,-19.9129,-43.9425
8,Central,-19.9166,-43.9343
9,Santa Efigênia,-19.9196,-43.9247
10,Santa Tereza,-19.9150,-43.9150
11,Horto,-19.9035,-43.9131
12,Santa Inês,-19.8907,-43.9165
13,José Cândido da Silveira,-19.8826,-43.9212
14,Minas Shopping,-19.8746,-43.9265
15,São Gabriel,-19.8606,-43.9277
16,Primeiro de Maio,-19.8509,-43.9314
17,Waldomiro Lobo,-19.8432,-43.9361
18,Floramar,-19.8352,-43.9405
19,Vilarinho,-19.8216,-43.9470
