nome,lat,lon,tipo
Jardim Canadá (Nova Lima),-20.0636,-43.9791,extremo
BH Shopping,-19.9755,-43.9466,extremo
Belvedere,-19.9920,-43.9593,extremo
Nova Lima,-19.9879,-43.8440,extremo
Morro do Papagaio,-19.9605,-43.9445,extremo
Contagem (Anel),-19.9029,-44.0488,extremo
Santa Luzia,-19.7357,-43.8201,extremo
Fim BRT Cristiano Machado,-19.7933,-43.8790,extremo
Betim,-19.9691,-44.2110,extremo
Beatriz,-19.9288,-44.0715,extremo
Savassi,-19.9398,-43.9344,extremo
Barreiro,-19.9732,-44.0211,extremo
Ibirité,-20.0208,-44.0632,extremo
Aeroporto de Confins,-19.6325,-43.9598,extremo
Ramal leste BRT Confins,-19.6288,-43.8996,extremo
Ribeirão das Neves,-19.7824,-44.1168,extremo
Ressaca,-19.9217,-44.0367,extremo
LMG-806,-19.8114,-44.0373,extremo
